"","batter","STATE","NEW.STATE"
"3398","Gordon","000 0","100 0"
"3414","Gordon","100 2","3"
"3442","Gordon","000 0","000 1"
"3461","Gordon","010 1","001 2"
"3478","Gamel","000 2","3"
"3479","Gordon","000 0","000 1"
"3491","Gamel","000 0","000 1"
"3494","Gordon","000 2","3"
"3509","Gamel","000 0","000 1"
"3512","Gordon","100 2","3"
"3524","Gamel","000 1","000 2"
"3530","Gordon","100 0","110 0"
"3541","Gamel","000 1","000 2"
"3546","Gordon","000 0","010 0"
"3567","Gordon","000 0","000 1"
"3585","Gordon","000 2","100 2"
"3609","Gordon","110 2","3"
"3613","Gamel","000 0","100 0"
"3628","Gordon","010 2","3"
"4199","Gordon","000 0","100 0"
"4208","Gordon","000 1","100 1"
"4224","Gamel","000 0","000 1"
"4226","Gordon","100 1","3"
"4240","Gamel","000 2","3"
"4246","Gordon","000 1","000 2"
"4259","Gamel","010 0","001 1"
"4261","Gordon","100 1","110 1"
"4272","Gamel","011 2","3"
"4276","Gordon","000 0","000 1"
"4296","Gordon","100 1","100 2"
"4315","Gordon","000 2","3"
"4338","Gordon","000 0","100 0"
"4352","Gordon","100 2","3"
"4353","Gordon","000 0","100 0"
"4361","Gamel","111 1","111 1"
"4364","Gordon","010 1","010 2"
"4379","Gamel","000 2","001 2"
"4381","Gordon","100 2","110 2"
"4398","Gamel","000 1","100 1"
"4400","Gordon","100 2","110 2"
"4416","Gamel","000 0","100 0"
"4419","Gordon","010 1","010 2"
"5520","Gamel","000 0","100 0"
"5522","Gordon","110 0","111 0"
"5532","Gamel","010 2","110 2"
"5534","Gordon","111 2","3"
"5544","Gamel","100 2","110 2"
"5550","Gordon","000 0","000 1"
"5564","Gamel","000 1","000 2"
"5570","Gordon","000 0","000 1"
"5581","Gamel","110 1","111 1"
"5583","Gordon","111 1","3"
"5604","Gordon","000 2","3"
"5623","Gordon","010 0","010 1"
"5640","Gordon","011 1","100 1"
"5729","Gordon","000 0","000 1"
"5742","Gordon","000 2","3"
"5765","Gordon","000 0","100 0"
"5780","Gordon","100 1","100 2"
"5799","Gamel","000 0","000 1"
"5800","Gordon","000 1","000 2"
"11263","Gordon","000 0","010 0"
"11276","Gordon","000 1","000 2"
"11294","Gordon","000 2","3"
"11301","Gamel","000 0","010 0"
"11313","Gordon","100 2","3"
"11318","Gamel","000 0","000 1"
"11335","Gordon","000 0","000 1"
"11348","Gordon","000 0","000 1"
"11366","Gordon","100 0","110 0"
"11384","Gordon","000 1","000 2"
"11403","Gordon","100 1","100 2"
"11413","Gamel","101 1","101 2"
"11426","Gamel","101 2","3"
"11431","Gordon","100 0","010 1"
"11450","Gamel","000 1","000 2"
"11452","Gordon","100 2","3"
"11465","Gamel","000 2","3"
"11470","Gordon","000 1","100 1"
"11484","Gamel","000 0","100 0"
"11486","Gordon","110 0","011 0"
"11487","Gordon","011 0","101 0"
"21801","Gordon","000 0","000 1"
"21814","Gordon","111 2","101 2"
"21830","Gordon","000 2","3"
"21855","Gordon","100 0","110 0"
"21868","Gordon","101 1","101 2"
"21882","Gordon","000 0","000 1"
"21892","Gamel","000 2","3"
"21900","Gordon","100 1","100 2"
"21909","Gamel","000 2","100 2"
"21916","Gordon","000 1","000 2"
"21930","Gamel","000 1","100 1"
"21936","Gordon","000 0","010 0"
"21946","Gamel","000 0","000 1"
"21953","Gordon","000 0","000 1"
"21964","Gordon","000 2","3"
"21979","Gamel","000 1","100 1"
"21982","Gordon","101 2","3"
"21992","Gamel","101 2","3"
"22001","Gordon","000 2","3"
"22011","Gamel","011 2","111 2"
"22017","Gordon","000 0","000 1"
"22026","Gamel","100 2","3"
"22033","Gordon","000 2","100 2"
"22046","Gamel","000 2","3"
"22050","Gordon","000 0","000 1"
"22056","Gordon","000 0","100 0"
"22060","Gamel","110 0","110 1"
"22068","Gamel","000 1","100 1"
"22078","Gordon","010 1","010 2"
"22085","Gamel","000 0","010 0"
"22095","Gordon","100 0","110 0"
"22103","Gamel","000 0","100 0"
"22112","Gordon","010 1","010 2"
"22119","Gamel","100 1","100 2"
"28210","Gordon","000 0","100 0"
"28228","Gordon","100 1","010 1"
"28229","Gordon","010 1","110 1"
"28246","Gordon","100 0","100 1"
"28259","Gordon","100 2","110 2"
"28293","Gordon","000 0","000 1"
"28304","Gordon","000 0","100 0"
"28315","Gamel","000 0","100 0"
"28319","Gordon","110 2","3"
"28327","Gamel","100 2","3"
"28335","Gordon","110 1","011 2"
"28343","Gamel","000 0","000 1"
"28350","Gordon","000 0","000 1"
"28355","Gamel","101 2","3"
"28363","Gordon","101 1","010 2"
"28372","Gamel","100 2","3"
"28379","Gordon","100 2","3"
"28386","Gordon","000 0","000 1"
"28401","Gordon","100 2","3"
"28406","Gordon","000 0","000 1"
"28425","Gordon","100 1","100 2"
"28444","Gordon","000 2","3"
"32699","Gordon","000 0","000 1"
"32723","Gamel","000 1","000 2"
"32724","Gordon","000 2","3"
"32741","Gamel","000 2","3"
"32749","Gordon","000 0","000 1"
"32762","Gamel","110 1","3"
"32767","Gamel","000 0","010 0"
"32768","Gordon","010 0","001 1"
"32780","Gordon","000 0","000 1"
"32790","Gamel","000 2","3"
"32798","Gordon","000 2","100 2"
"32807","Gamel","100 2","3"
"32814","Gordon","100 1","100 2"
"32830","Gamel","100 1","110 1"
"32833","Gordon","111 2","3"
"32846","Gamel","000 2","3"
"32850","Gordon","000 0","000 1"
"32864","Gamel","000 2","3"
"32870","Gordon","010 1","001 2"
"32882","Gamel","000 1","000 2"
"32888","Gordon","100 0","110 0"
"32898","Gamel","000 0","000 1"
"32901","Gordon","000 2","3"
"32912","Gamel","111 2","3"
"32918","Gordon","000 2","3"
"52121","Gordon","000 0","000 1"
"52137","Gamel","000 1","000 2"
"52139","Gordon","100 2","001 2"
"52150","Gamel","100 1","100 2"
"52157","Gordon","000 0","000 1"
"52172","Gamel","000 0","100 0"
"52174","Gordon","000 2","3"
"52193","Gamel","000 0","000 1"
"52195","Gordon","000 2","3"
"52200","Gordon","000 0","000 1"
"52217","Gamel","000 0","000 1"
"52219","Gordon","100 1","100 2"
"52235","Gamel","000 1","000 2"
"52241","Gordon","000 0","000 1"
"52255","Gamel","000 2","3"
"52272","Gamel","000 2","3"
"52273","Gordon","000 0","100 0"
"52291","Gordon","000 0","100 0"
"52305","Gordon","100 1","011 1"
"52319","Gordon","100 2","3"
"52339","Gordon","000 0","000 1"
"52354","Gordon","000 0","100 0"
"52366","Gamel","100 1","100 2"
"52368","Gordon","010 2","010 2"
"52384","Gamel","000 0","000 1"
"52386","Gordon","000 2","100 2"
"52400","Gamel","000 1","000 2"
"52402","Gordon","000 2","100 2"
"52420","Gamel","001 1","100 1"
"52422","Gordon","000 1","000 2"
"52434","Gamel","000 2","3"
"61282","Gordon","000 0","100 0"
"61289","Gamel","110 2","101 2"
"61290","Gamel","101 2","3"
"61298","Gordon","100 1","010 2"
"61315","Gamel","000 0","100 0"
"61319","Gordon","100 1","100 2"
"61337","Gamel","000 1","010 1"
"61346","Gordon","000 0","000 1"
"61352","Gamel","001 2","100 2"
"61358","Gordon","000 1","000 2"
"61368","Gordon","000 0","000 1"
"61384","Gamel","000 0","000 1"
"61387","Gordon","100 2","010 2"
"61388","Gordon","010 2","3"
"61403","Gamel","100 1","100 2"
"61416","Gordon","000 1","000 2"
"61429","Gamel","000 1","100 1"
"61432","Gordon","101 1","110 2"
"61441","Gordon","000 0","100 0"
"61454","Gordon","000 2","3"
"61476","Gordon","000 2","3"
"61492","Gordon","010 2","010 2"
"61502","Gamel","110 2","3"
"61509","Gordon","000 2","3"
"65494","Gordon","000 0","000 1"
"65514","Gordon","100 2","3"
"65531","Gordon","011 1","010 2"
"65548","Gamel","001 1","000 2"
"65549","Gordon","000 2","3"
"65564","Gamel","101 2","111 2"
"65565","Gordon","111 2","3"
"65566","Gordon","000 0","000 1"
"65577","Gamel","000 1","000 2"
"65587","Gordon","100 0","110 0"
"65598","Gamel","000 1","000 2"
"65606","Gordon","100 0","010 0"
"65607","Gordon","010 0","110 0"
"65620","Gamel","000 0","000 1"
"65623","Gordon","100 2","110 2"
"65634","Gamel","010 0","010 1"
"65637","Gordon","111 1","3"
"65650","Gamel","100 1","3"
"65654","Gordon","000 0","000 1"
"65670","Gordon","000 0","100 0"
"65685","Gordon","110 2","101 2"
"65703","Gordon","100 1","010 2"
"65720","Gamel","100 2","110 2"
"65721","Gordon","110 2","111 2"
"72790","Gordon","000 0","010 0"
"72800","Gamel","000 0","100 0"
"72802","Gordon","000 0","000 1"
"72819","Gamel","000 1","000 2"
"72825","Gordon","000 0","000 1"
"72838","Gamel","000 0","000 1"
"72840","Gordon","100 1","010 2"
"72855","Gamel","000 1","000 2"
"72860","Gordon","000 0","010 0"
"72877","Gordon","000 1","000 2"
"72901","Gordon","000 0","000 1"
"72914","Gordon","001 1","001 2"
"72931","Gamel","100 2","3"
"72937","Gordon","000 1","000 2"
"74749","Gordon","000 1","000 2"
"74768","Gordon","000 1","000 2"
"74785","Gordon","100 0","110 0"
"74808","Gordon","000 0","000 1"
"74840","Gordon","000 1","000 2"
"74863","Gordon","100 0","110 0"
"74881","Gordon","000 0","000 1"
"74893","Gordon","000 2","3"
"74914","Gordon","010 0","001 1"
"74929","Gordon","000 0","000 1"
"74945","Gordon","000 2","100 2"
"74963","Gordon","010 2","3"
"74975","Gordon","000 1","100 1"
"76193","Gordon","100 2","3"
"76213","Gordon","100 1","010 1"
"76214","Gordon","010 1","010 2"
"76230","Gordon","100 2","101 2"
"76242","Gordon","000 2","001 2"
"76248","Gamel","000 1","000 2"
"76264","Gamel","000 2","3"
"76270","Gordon","100 0","100 1"
"76284","Gamel","100 2","110 2"
"76289","Gordon","000 0","000 1"
"76304","Gordon","000 1","000 2"
"76338","Gordon","000 0","000 1"
"76357","Gordon","000 0","000 1"
"76371","Gordon","000 2","3"
"76389","Gordon","000 1","000 2"
"76390","Gamel","000 2","3"
"76803","Gordon","000 0","000 1"
"76825","Gordon","100 1","3"
"76850","Gordon","100 2","3"
"76869","Gordon","000 1","100 1"
"76880","Gordon","000 0","100 0"
"76895","Gordon","110 1","101 2"
"76910","Gordon","010 1","010 2"
"76928","Gordon","100 0","100 1"
"76948","Gordon","000 0","100 0"
"76962","Gordon","000 0","100 0"
"76977","Gordon","010 1","010 2"
"76999","Gordon","000 1","000 2"
"77016","Gordon","000 2","3"
"102117","Gordon","000 0","100 0"
"102129","Gordon","110 0","110 1"
"102150","Gordon","000 1","000 2"
"102165","Gordon","000 2","3"
"102191","Gordon","000 0","100 0"
"102195","Gordon","000 0","000 1"
"102216","Gordon","000 0","000 1"
"102229","Gordon","011 1","100 1"
"102250","Gordon","100 1","100 2"
"102265","Gordon","000 2","3"
"103310","Gordon","000 0","000 1"
"103323","Gamel","000 0","010 0"
"103325","Gordon","010 1","001 2"
"103339","Gamel","010 1","110 1"
"103341","Gordon","110 2","3"
"103356","Gamel","000 1","000 2"
"103362","Gordon","000 0","010 0"
"103372","Gamel","000 1","000 2"
"111433","Gordon","000 0","010 0"
"111451","Gordon","000 1","000 2"
"111473","Gordon","000 1","000 2"
"111490","Gamel","000 2","3"
"111495","Gordon","000 0","000 1"
"111498","Gordon","000 0","100 0"
"111509","Gamel","110 1","101 2"
"111516","Gordon","000 0","000 1"
"111526","Gamel","100 1","011 1"
"111528","Gordon","011 2","100 2"
"111538","Gamel","100 2","3"
"111546","Gordon","000 1","000 2"
"111563","Gamel","000 1","000 2"
"111565","Gordon","100 2","3"
"111578","Gordon","000 0","000 1"
"111591","Gamel","100 0","100 1"
"111599","Gordon","000 1","100 1"
"111611","Gamel","110 1","3"
"111618","Gordon","010 1","001 2"
"111628","Gamel","110 2","110 2"
"111634","Gordon","100 0","010 1"
"111645","Gamel","100 2","3"
"111649","Gamel","000 0","000 1"
"111652","Gordon","010 2","3"
"122773","Gamel","110 2","3"
"122794","Gamel","000 2","100 2"
"122813","Gamel","000 1","000 2"
"122831","Gamel","010 2","3"
"122844","Gamel","000 2","3"
"122860","Gamel","100 2","3"
"122881","Gamel","000 0","100 0"
"122899","Gamel","100 0","110 0"
"122921","Gamel","100 0","000 2"
"122937","Gamel","000 2","100 2"
"122957","Gamel","000 0","000 1"
"122972","Gamel","000 0","000 1"
"125605","Gordon","010 2","3"
"125626","Gordon","000 0","000 1"
"125646","Gordon","000 0","100 0"
"125668","Gordon","000 1","000 2"
"125687","Gordon","100 1","000 1"
"125701","Gordon","000 0","000 1"
"125718","Gordon","000 2","3"
"125737","Gordon","000 1","000 2"
"126203","Gamel","111 2","111 2"
"126205","Gordon","011 2","101 2"
"126219","Gamel","000 1","000 2"
"126225","Gordon","000 0","000 1"
"126241","Gamel","000 0","000 1"
"126243","Gordon","000 2","100 2"
"126256","Gamel","100 1","100 2"
"126264","Gordon","000 0","000 1"
"126292","Gordon","000 0","000 1"
"126306","Gordon","000 2","100 2"
"126325","Gamel","000 2","3"
"126331","Gordon","000 0","000 1"
"126346","Gamel","000 0","000 1"
"126347","Gordon","000 1","000 2"
"126361","Gamel","110 2","010 2"
"126375","Gamel","110 2","3"
"126390","Gamel","010 2","101 2"
"126412","Gamel","000 2","3"
"126446","Gordon","000 2","3"
"126464","Gordon","000 0","000 1"
"126488","Gordon","101 1","101 2"
"126510","Gordon","000 1","000 2"
"145319","Gordon","100 0","110 0"
"145336","Gordon","100 1","110 1"
"145359","Gordon","000 0","000 1"
"145360","Gamel","000 1","000 2"
"145449","Gamel","000 1","100 1"
"146518","Gordon","000 0","000 1"
"146536","Gordon","000 1","100 1"
"146554","Gordon","000 0","000 1"
"146572","Gordon","000 2","100 2"
"146588","Gordon","000 0","000 1"
"146604","Gordon","100 1","101 1"
"146624","Gordon","000 2","3"
"146639","Gordon","100 2","110 2"
"146654","Gordon","000 2","3"
"146660","Gordon","000 0","000 1"
"146678","Gordon","000 1","000 2"
"146694","Gordon","010 0","001 1"
"146712","Gordon","000 0","000 0"
"146726","Gordon","100 2","3"
"146735","Gordon","000 0","000 1"
"146748","Gordon","000 2","010 2"
"146770","Gordon","000 0","000 1"
"146789","Gordon","000 1","000 2"
"146803","Gordon","000 2","3"
"146811","Gordon","000 0","100 0"
"146824","Gordon","100 2","110 2"
"146846","Gordon","000 0","000 1"
"146859","Gordon","001 2","100 2"
"146879","Gordon","100 1","100 2"
"146901","Gordon","000 0","000 1"
"146918","Gordon","100 1","100 2"
"146935","Gordon","000 2","3"
"146958","Gordon","100 1","010 2"
"146971","Gordon","000 0","000 1"
"146987","Gordon","100 2","3"
"147008","Gordon","010 0","010 0"
"147020","Gordon","101 2","3"
"147035","Gordon","000 0","000 1"
"147055","Gordon","000 2","3"
"147080","Gordon","000 1","000 2"
"147102","Gordon","000 0","000 1"
"147108","Gordon","000 0","100 0"
"147120","Gamel","000 2","100 2"
"147127","Gordon","000 0","010 0"
"147137","Gamel","100 1","010 1"
"147138","Gamel","010 1","010 2"
"147144","Gordon","000 1","000 2"
"147164","Gamel","000 1","000 2"
"147171","Gordon","000 1","000 2"
"147183","Gordon","000 0","000 1"
"147194","Gamel","100 1","100 2"
"147200","Gordon","000 1","000 2"
"147217","Gamel","000 1","000 2"
"147223","Gordon","000 1","000 2"
"147241","Gordon","010 1","001 2"
"147260","Gordon","000 0","100 0"
"147270","Gamel","010 1","010 2"
"147275","Gordon","000 0","010 0"
"147286","Gamel","100 2","3"
"147291","Gordon","000 1","100 1"
"147303","Gamel","000 0","100 0"
"147305","Gordon","100 1","101 1"
"147322","Gamel","000 0","100 0"
"147324","Gordon","100 1","101 1"
"147337","Gordon","000 0","000 1"
"147352","Gordon","100 0","010 1"
"147373","Gordon","000 0","000 1"
"147392","Gordon","000 1","100 1"
"147405","Gordon","110 2","111 2"
"147410","Gordon","000 0","100 0"
"147427","Gordon","000 0","010 0"
"147445","Gordon","000 0","000 1"
"147461","Gordon","000 1","100 1"
"147479","Gordon","000 0","100 0"
"147495","Gamel","000 0","000 1"
"147497","Gordon","000 2","3"
"147521","Gamel","000 0","000 1"
"147523","Gordon","100 1","010 2"
"147538","Gamel","100 0","010 0"
"147539","Gamel","010 0","010 1"
"147541","Gordon","110 1","3"
"147569","Gamel","000 0","100 0"
"147667","Gordon","000 0","000 1"
"147684","Gamel","000 0","000 1"
"147685","Gordon","000 1","000 2"
"147702","Gamel","000 2","100 2"
"147703","Gordon","100 2","3"
"147724","Gordon","110 0","001 2"
"147744","Gordon","111 1","3"
"147748","Gordon","000 0","000 1"
"147761","Gamel","000 2","3"
"147783","Gordon","100 2","3"
"147799","Gordon","000 0","000 1"
"147812","Gordon","010 2","3"
"147824","Gamel","000 2","3"
"147839","Gordon","010 0","001 1"
"147843","Gamel","110 1","110 2"
"147855","Gordon","010 2","3"
"147859","Gordon","000 0","000 1"
"147867","Gamel","000 2","100 2"
"147874","Gordon","000 2","3"
"147886","Gamel","000 1","010 1"
"147894","Gordon","000 1","000 2"
"147902","Gamel","100 2","3"
"147912","Gordon","100 2","110 2"
"147928","Gamel","100 1","3"
"147933","Gordon","000 0","000 1"
"147944","Gamel","100 2","101 2"
"147946","Gordon","111 2","3"
"147960","Gamel","100 1","100 2"
"147967","Gordon","000 0","000 1"
"147983","Gamel","100 0","110 0"
"147985","Gordon","011 1","011 2"
"148003","Gamel","000 2","3"
"148012","Gordon","000 0","000 1"
"148023","Gamel","000 2","3"
"148029","Gordon","000 2","3"
"148044","Gamel","000 2","100 2"
"148052","Gordon","100 0","100 1"
"148061","Gamel","011 1","100 1"
"148064","Gordon","111 1","110 2"
"148073","Gamel","000 2","3"
"148081","Gordon","000 0","000 1"
"148092","Gamel","000 0","000 0"
"148095","Gordon","001 1","001 2"
"148107","Gamel","000 0","000 1"
"148110","Gordon","001 2","3"
"148125","Gamel","110 0","101 1"
"148128","Gordon","111 1","011 1"
"148140","Gamel","000 0","010 0"
"148143","Gordon","110 1","110 2"
"148153","Gordon","000 0","100 0"
"148162","Gamel","000 1","000 2"
"148187","Gordon","000 2","3"
"148209","Gordon","000 2","3"
"148227","Gordon","000 0","000 1"
"148246","Gamel","000 1","000 2"
"148265","Gamel","100 0","100 1"
"148282","Gamel","000 2","100 2"
"148304","Gamel","000 0","000 1"
"148333","Gamel","000 0","100 0"
"148348","Gamel","000 1","100 1"
"148369","Gamel","000 0","000 1"
"148390","Gamel","000 1","000 2"
"148407","Gamel","110 1","111 1"
"148423","Gamel","000 1","100 1"
"148442","Gamel","000 0","100 0"
"148533","Gamel","110 1","110 2"
"148552","Gamel","000 2","3"
"148568","Gamel","110 2","3"
"148596","Gamel","000 1","100 1"
"148699","Gamel","000 1","010 1"
"148707","Gordon","000 0","001 0"
"148723","Gordon","000 0","000 1"
"148742","Gordon","100 0","100 1"
"148755","Gordon","101 2","3"
"148770","Gordon","000 2","3"
"148779","Gordon","000 0","000 1"
"148789","Gamel","110 1","110 2"
"148797","Gordon","000 2","3"
"148816","Gamel","100 1","110 1"
"148823","Gordon","000 1","000 2"
"148831","Gamel","000 0","001 0"
"148835","Gordon","010 1","100 2"
"148848","Gamel","000 0","000 1"
"148855","Gordon","000 1","000 2"
"148864","Gamel","100 2","110 2"
"148875","Gordon","100 1","100 2"
"148880","Gordon","000 0","100 0"
"148896","Gordon","000 1","000 2"
"148909","Gordon","100 2","3"
"148929","Gordon","110 1","101 2"
"148952","Gordon","000 0","000 1"
"148974","Gordon","000 0","100 0"
"148996","Gordon","000 1","000 2"
"149011","Gordon","101 1","110 1"
"149022","Gordon","000 0","000 1"
"149037","Gordon","000 1","000 2"
"149050","Gordon","110 1","3"
"149072","Gordon","000 2","3"
"149090","Gordon","000 0","100 0"
"149101","Gamel","100 1","011 1"
"149108","Gordon","000 0","100 0"
"149118","Gamel","000 2","100 2"
"149126","Gordon","100 0","100 1"
"149135","Gamel","000 1","000 2"
"149145","Gordon","000 0","010 0"
"149155","Gamel","000 0","100 0"
"149165","Gordon","000 0","000 1"
"149175","Gamel","110 1","101 1"
"149178","Gordon","011 2","3"
"149196","Gamel","000 0","100 0"
"149199","Gordon","100 2","3"
"149225","Gordon","000 0","100 0"
"149248","Gordon","000 0","000 1"
"149266","Gordon","000 2","100 2"
"149289","Gordon","000 0","100 0"
"149307","Gordon","000 2","100 2"
"149321","Gordon","000 0","000 1"
"149330","Gamel","101 0","100 1"
"149333","Gordon","100 2","3"
"149355","Gamel","000 2","3"
"149361","Gordon","000 2","100 2"
"149370","Gamel","000 1","000 2"
"149378","Gordon","000 0","000 1"
"149390","Gamel","100 1","110 1"
"149393","Gordon","010 2","3"
"149403","Gordon","000 0","000 1"
"149418","Gordon","000 1","100 1"
"149433","Gordon","100 0","100 1"
"149453","Gordon","000 0","000 1"
"149463","Gordon","000 0","010 0"
"149484","Gamel","000 0","000 1"
"149486","Gordon","000 2","100 2"
"149499","Gamel","000 0","010 0"
"149501","Gordon","110 0","111 0"
"149519","Gamel","000 0","000 1"
"149521","Gordon","000 2","3"
"149537","Gamel","000 0","000 1"
"149539","Gordon","100 1","100 2"
"149545","Gordon","000 0","000 1"
"149564","Gordon","000 0","000 1"
"149576","Gordon","000 2","3"
"149592","Gordon","100 2","110 2"
"149614","Gordon","000 0","000 1"
"149624","Gamel","000 0","001 0"
"149626","Gordon","000 1","000 2"
"149637","Gamel","110 1","111 1"
"149642","Gordon","000 0","000 1"
"149654","Gamel","100 1","100 2"
"149660","Gordon","000 0","000 1"
"149678","Gamel","100 0","100 1"
"149680","Gordon","010 2","3"
"149687","Gordon","000 0","000 1"
"149698","Gamel","110 1","110 1"
"149705","Gordon","000 1","000 2"
"149718","Gamel","000 0","000 1"
"149724","Gordon","000 0","000 1"
"149733","Gamel","001 2","3"
"149739","Gordon","000 2","100 2"
"149749","Gordon","000 0","000 1"
"149762","Gordon","000 1","000 2"
"149781","Gordon","000 0","000 1"
"149796","Gordon","000 1","100 1"
"149816","Gordon","000 0","100 0"
"149827","Gamel","000 1","000 2"
"149835","Gordon","000 1","000 2"
"149856","Gamel","000 1","000 2"
"149864","Gordon","100 0","110 0"
"149874","Gamel","100 0","110 0"
"149877","Gordon","111 1","111 2"
"149890","Gamel","100 2","3"
"149896","Gordon","011 0","011 1"
"149905","Gordon","000 0","000 1"
"149916","Gamel","010 2","3"
"149923","Gordon","010 1","100 1"
"149937","Gamel","000 1","100 1"
"149940","Gordon","010 2","3"
"149953","Gamel","000 0","000 1"
"149956","Gordon","000 2","001 2"
"149967","Gamel","000 1","000 2"
"149979","Gordon","000 0","100 0"
"149996","Gamel","000 0","000 1"
"150002","Gordon","000 0","000 1"
"150013","Gamel","000 1","000 2"
"150024","Gordon","000 0","100 0"
"150035","Gamel","000 2","3"
"150104","Gamel","000 1","000 2"
"150128","Gamel","000 0","000 1"
"150129","Gordon","000 1","000 2"
"150135","Gordon","000 0","100 0"
"150147","Gordon","000 1","000 2"
"150167","Gordon","000 0","000 1"
"150184","Gordon","000 0","001 0"
"150204","Gordon","000 0","100 0"
"150220","Gordon","000 1","100 1"
"150237","Gordon","000 1","100 1"
"150258","Gordon","000 0","100 0"
"150272","Gordon","000 0","000 1"
"150282","Gamel","000 2","3"
"150288","Gordon","000 2","3"
"150307","Gamel","000 1","000 2"
"150313","Gordon","000 1","100 1"
"150326","Gamel","000 0","000 1"
"150334","Gordon","000 0","000 1"
"150342","Gordon","000 0","000 1"
"150355","Gordon","000 1","001 1"
"150370","Gordon","000 1","000 2"
"150392","Gordon","000 1","000 2"
"150412","Gordon","000 0","000 1"
"150430","Gordon","000 1","000 2"
"150448","Gordon","000 0","000 1"
"150462","Gamel","110 2","110 2"
"150463","Gordon","110 2","3"
"150482","Gamel","000 1","000 2"
"150483","Gordon","000 2","3"
"150488","Gordon","000 0","100 0"
"150504","Gordon","000 1","100 1"
"150520","Gordon","000 2","3"
"150544","Gordon","100 0","010 1"
"150555","Gordon","000 0","000 1"
"150563","Gamel","000 2","3"
"150574","Gordon","000 0","000 1"
"150582","Gamel","100 1","010 1"
"150583","Gamel","010 1","110 1"
"150590","Gordon","000 1","000 2"
"150598","Gamel","000 0","000 1"
"150602","Gordon","110 2","3"
"150617","Gordon","000 0","000 1"
"150633","Gordon","000 2","100 2"
"150660","Gordon","000 0","000 1"
"150672","Gamel","000 1","100 1"
"150674","Gordon","100 2","3"
"150697","Gordon","000 0","000 1"
"150713","Gordon","111 1","3"
"150737","Gordon","000 2","3"
"150755","Gordon","100 2","3"
"150779","Gordon","000 0","100 0"
"150796","Gordon","100 1","110 1"
"150814","Gordon","110 1","110 2"
"150836","Gordon","000 0","000 1"
"150862","Gordon","000 0","000 1"
"150879","Gordon","100 1","3"
"150900","Gordon","000 0","000 1"
"150915","Gordon","000 1","000 2"
"151098","Gordon","000 0","000 1"
"151114","Gordon","000 2","3"
"151140","Gordon","000 2","3"
"151184","Gordon","000 0","000 1"
"151201","Gordon","000 2","3"
"151219","Gordon","000 0","000 1"
"151237","Gordon","110 1","110 2"
"151261","Gordon","100 2","3"
"151282","Gordon","110 2","3"
"151308","Gordon","000 1","000 2"
"151339","Gamel","101 2","3"
"151345","Gordon","000 1","100 1"
"151363","Gamel","000 0","100 0"
"151365","Gordon","010 0","001 1"
"151380","Gamel","000 0","010 0"
"151382","Gordon","010 1","001 2"
"151392","Gamel","010 2","3"
"151397","Gordon","000 1","100 1"
"151420","Gamel","100 1","100 2"
"151422","Gordon","110 2","3"
"151438","Gamel","000 0","000 1"
"151440","Gordon","000 2","100 2"
"151456","Gamel","000 2","100 2"
"151461","Gordon","000 0","100 0"
"151472","Gamel","101 1","101 1"
"151474","Gordon","101 2","3"
"151500","Gamel","100 2","110 2"
"151505","Gordon","000 0","000 1"
"151527","Gamel","000 0","000 1"
"151529","Gordon","000 2","010 2"
"151539","Gamel","101 0","111 0"
"151541","Gordon","011 1","001 2"
"151556","Gamel","100 0","000 2"
"151558","Gordon","100 2","3"
"151586","Gordon","100 1","100 2"
"151602","Gordon","001 1","000 2"
"151618","Gordon","000 2","3"
"151644","Gamel","000 1","000 2"
"151650","Gordon","000 0","000 1"
"151660","Gamel","000 2","3"
"151666","Gordon","100 0","100 1"
"151688","Gordon","010 1","010 2"
"151709","Gordon","000 0","000 1"
"151725","Gamel","100 1","100 2"
"151734","Gordon","000 0","000 1"
"151746","Gamel","000 0","000 1"
"151748","Gordon","000 2","010 2"
"151767","Gamel","000 0","000 1"
"151769","Gordon","100 1","100 2"
"151786","Gordon","000 0","100 0"
"151815","Gordon","000 1","000 2"
"151835","Gordon","010 0","010 1"
"151850","Gordon","000 2","3"
"151875","Gamel","000 2","3"
"151880","Gordon","000 0","000 1"
"151897","Gamel","100 0","100 1"
"151899","Gordon","010 2","100 2"
"151917","Gamel","000 0","000 1"
"151919","Gordon","000 2","3"
"152019","Gamel","010 1","110 1"
"152021","Gordon","111 1","3"
"152037","Gamel","000 2","100 2"
"152042","Gordon","000 0","000 1"
"152058","Gordon","011 1","101 2"
"152076","Gordon","000 1","000 2"
"152135","Gamel","000 0","000 1"
"152152","Gordon","000 0","100 0"
"152154","Gamel","100 1","100 2"
"152169","Gamel","000 2","3"
"152176","Gordon","000 1","100 1"
"152193","Gamel","000 2","3"
"152200","Gordon","010 0","000 0"
"152213","Gamel","000 1","000 2"
"152215","Gordon","100 2","3"
"152250","Gordon","010 0","010 1"
"152268","Gordon","001 1","000 2"
"152286","Gordon","100 0","100 1"
"152306","Gordon","010 1","001 2"
"152323","Gordon","010 1","010 2"
"152353","Gamel","111 1","011 1"
"152368","Gamel","011 1","111 1"
"152391","Gamel","000 0","100 0"
"152409","Gamel","000 2","3"
"152436","Gamel","000 0","000 1"
"152455","Gamel","000 0","100 0"
"152476","Gamel","100 1","100 2"
"152594","Gordon","100 0","100 1"
"152610","Gordon","100 1","011 1"
"152625","Gordon","010 2","001 2"
"152681","Gamel","100 0","010 0"
"152682","Gamel","010 0","001 1"
"152699","Gamel","100 2","3"
"152710","Gordon","000 0","100 0"
"152722","Gordon","000 1","000 2"
"152738","Gordon","010 2","3"
"152754","Gordon","000 0","100 0"
"152772","Gordon","000 2","100 2"
"152787","Gordon","000 0","100 0"
"152810","Gordon","000 0","100 0"
"152826","Gordon","000 1","000 2"
"152851","Gordon","000 1","000 2"
"167207","Gordon","000 0","000 1"
"167220","Gordon","101 1","100 2"
"167238","Gordon","000 1","100 1"
"167259","Gordon","000 0","000 1"
"167274","Gordon","000 2","3"
"167282","Gordon","000 0","000 1"
"167294","Gamel","000 0","100 0"
"167297","Gordon","101 0","101 1"
"167310","Gamel","110 1","111 1"
"167313","Gordon","111 2","3"
"167322","Gamel","011 2","3"
"167329","Gordon","000 2","3"
"167341","Gamel","100 1","100 2"
"167352","Gordon","000 1","000 2"
"167429","Gamel","100 2","110 2"
"167438","Gordon","000 0","000 1"
"167451","Gamel","000 0","000 1"
"167453","Gordon","000 2","3"
"167475","Gamel","000 0","100 0"
"167477","Gordon","000 0","000 1"
"167487","Gamel","000 2","3"
"167492","Gordon","000 1","000 2"
"172413","Gordon","000 0","010 0"
"172429","Gordon","100 0","110 0"
"172447","Gordon","000 1","000 2"
"172466","Gordon","100 1","100 2"
"172482","Gordon","010 1","101 1"
"172496","Gordon","000 0","100 0"
"172514","Gamel","100 1","010 2"
"172515","Gordon","010 2","010 2"
"172536","Gamel","000 0","000 1"
"172537","Gordon","000 1","000 2"
"172556","Gordon","100 0","011 0"
"172571","Gordon","000 1","000 2"
"172600","Gamel","111 2","3"
"172622","Gamel","000 0","001 0"
"172637","Gamel","100 2","3"
"172654","Gamel","000 0","000 1"
"172668","Gordon","011 2","3"
"176348","Gordon","000 0","100 0"
"176368","Gordon","010 2","3"
"176388","Gordon","101 2","3"
"176403","Gordon","000 2","3"
"176418","Gordon","111 0","001 2"
"176443","Gordon","000 1","000 2"
"176448","Gordon","000 0","000 1"
"176463","Gordon","000 0","001 0"
"176484","Gordon","100 0","010 1"
"176508","Gordon","001 2","3"
"176524","Gordon","000 0","000 1"
"176545","Gordon","000 0","000 1"
"176565","Gordon","000 2","3"
"176585","Gordon","110 1","011 2"
"176608","Gordon","000 1","000 2"
"177942","Gamel","000 1","000 2"
"177944","Gordon","100 2","110 2"
"177963","Gamel","000 1","000 2"
"177969","Gordon","000 0","001 0"
"177979","Gamel","000 2","100 2"
"177981","Gordon","010 2","3"
"178002","Gordon","010 2","3"
"178020","Gordon","000 0","000 1"
"178032","Gordon","000 1","000 2"
"178049","Gordon","001 1","000 1"
"178064","Gamel","011 1","010 2"
"178141","Gamel","000 0","000 1"
"179396","Gordon","000 0","000 1"
"179410","Gamel","000 0","100 0"
"179411","Gordon","100 0","011 0"
"179424","Gamel","000 1","010 1"
"179425","Gordon","010 1","001 2"
"179439","Gamel","000 0","000 1"
"179440","Gordon","000 1","100 1"
"179455","Gamel","000 1","000 2"
"179456","Gordon","000 2","100 2"
"179467","Gordon","000 0","100 0"
"179479","Gordon","100 1","000 2"
"179480","Gordon","000 2","3"
"179495","Gordon","000 2","3"
"179518","Gordon","000 0","000 1"
"179541","Gamel","000 0","100 0"
"179542","Gordon","100 0","100 1"
